TRACK_ID	NAME	technique	CATEGORY	institute	source	experiment	developmental-stage	tissue	condition	summary	citation	project	accession	date	analyst	SCIPRJ	ACCESS	biosample	NGS_file	MLONG	FILENAME	TRACK_PATH	ASSEMBLY_1	ASSEMBLY_2	BED1_PATH	BED2_PATH	MAF
DNA	Reference sequence	Sequence	Genome Assembly																		NVEC200.fasta						
kc_nvec200_LOE_genes	kc_nvec200_v1 LOE Isoseq Genes	Sequence	Aligned Transcriptomes																		kc_nvec200_v1.LOE.genome.gff						
kc_nvec200_LOE_transcripts	kc_nvec200_v1 LOE Isoseq Transcripts	Sequence	Aligned Transcriptomes																		kc_nvec200_v1.LOE.genome.gff						
ACRDI_protein2genome	Aligned ACRDI Proteins	Sequence	Aligned Proteins																		NVEC200.evidence.renamed.gff						
ACRMI_protein2genome	Aligned ACRMI Proteins	Sequence	Aligned Proteins																		NVEC200.evidence.renamed.gff						
ANIVI_protein2genome	Aligned ANIVI Proteins	Sequence	Aligned Proteins																		NVEC200.evidence.renamed.gff						
EDWCA_protein2genome	Aligned EDWCA Proteins	Sequence	Aligned Proteins																		NVEC200.evidence.renamed.gff						
EDWLI_protein2genome	Aligned EDWLI Proteins	Sequence	Aligned Proteins																		NVEC200.evidence.renamed.gff						
EXAPA_protein2genome	Aligned EXAPA Proteins	Sequence	Aligned Proteins																		NVEC200.evidence.renamed.gff						
HYDMA_protein2genome	Aligned HYDMA Proteins	Sequence	Aligned Proteins																		NVEC200.evidence.renamed.gff						
STYPI_protein2genome	Aligned STYPI Proteins	Sequence	Aligned Proteins																		NVEC200.evidence.renamed.gff						
UNIPROT_protein2genome	Aligned UNIPROT Proteins	Sequence	Aligned Proteins																		NVEC200.evidence.renamed.gff						
illumina_est2genome	Aligned illumina Nucleotides	Sequence	Aligned Nucleotides																		NVEC200.evidence.renamed.gff						
isoseq_est2genome	Aligned isoseq Nucleotides	Sequence	Aligned Nucleotides																		NVEC200.evidence.renamed.gff						
jgi_model_gff	Aligned jgi models	Sequence	Aligned Nucleotides																		NVEC200.evidence.renamed.gff						
repeatmasker_maker	Aligned repeatmasker	Sequence	Aligned Nucleotides																		NVEC200.evidence.renamed.gff						
repeatrunner_maker	Aligned repeatrunner	Sequence	Aligned Proteins																		NVEC200.evidence.renamed.gff						
augustus_masked_abinitio	Augustus Ab-initio Predictions	Sequence	Ab-intio Predictions																		NVEC200.evidence.renamed.gff						
wien_nvec200_v1_genes	wien_nvec200_v1 Vienna Genes	Sequence	Aligned Transcriptomes																		Wien_Nvec200.gff3						
wien_nvec200_v1_transcripts	wien_nvec200_v1: Vienna Transcripts	Sequence	Aligned Transcriptomes																		Wien_Nvec200.gff3						
maker_iprscan_domains	Aligned Domains	Sequence	Aligned Domains																		NVEC200.domains.renamed.gff						
jaNemVect_Nvec200.liftoff_genes	jaNemVect1.1 genes	Sequence	Aligned Transcriptomes																		jaNemVect_Nvec200.liftoff.gff						
jaNemVect_Nvec200.liftoff_transcripts	jaNemVect1.1 transcripts	Sequence	Aligned Transcriptomes																		jaNemVect_Nvec200.liftoff.gff						
UCNE	UCNE	Sequence	Ultra conserved Noncoding Elemements																		nv_ucne.gff						
tcs_v2_transcripts	TCSv2 transcripts	Sequence	Gene Models																		tcs_v2.20211130.putative_function.gff						
tcs_v2_genes	TCSv2 genes	Sequence	Gene Models																		tcs_v2.20211130.putative_function.gff						
ucne_blat	UCNE BLAT	Sequence	Ultra conserved Noncoding Elemements																		nv_ucne.blat.gff						
NV2g_genes	NV2g_genes	Sequence	Gene Models																		NV2g.20240221.gff						
NV2t_transcripts	NV2t_transcripts	Sequence	Gene Models																		NV2g.20240221.gff						
MOLNG-1901.1.pos.bw	2h_wild_type.pos	RNASeq	Gene Expression														PUBLIC				MOLNG-1901.1.pos.bw	https://tracks.stowers.org:8080/moop/data/tracks/Nematostella_vectensis/GCA_033964005.1/bulk_align/MOLNG-1901.1.pos.bw					
MOLNG-1901.2.pos.bw	2h_a_amanitin.pos	RNASeq	Gene Expression														PUBLIC				MOLNG-1901.2.pos.bw	https://tracks.stowers.org:8080/moop/data/tracks/Nematostella_vectensis/GCA_033964005.1/bulk_align/MOLNG-1901.2.pos.bw					
MOLNG-1901.1.neg.bw	2h_wild_type.neg	RNASeq	Gene Expression														PUBLIC				MOLNG-1901.1.neg.bw	https://tracks.stowers.org:8080/moop/data/tracks/Nematostella_vectensis/GCA_033964005.1/bulk_align/MOLNG-1901.1.neg.bw					
MOLNG-1901.2.neg.bw	2h_a_amanitin.neg	RNASeq	Gene Expression														PUBLIC				MOLNG-1901.2.neg.bw	https://tracks.stowers.org:8080/moop/data/tracks/Nematostella_vectensis/GCA_033964005.1/bulk_align/MOLNG-1901.2.neg.bw					
MOLNG-1901.3.pos.bw	4h_wild_type.pos	RNASeq	Gene Expression														PUBLIC				MOLNG-1901.3.pos.bw	https://tracks.stowers.org:8080/moop/data/tracks/Nematostella_vectensis/GCA_033964005.1/bulk_align/MOLNG-1901.3.pos.bw					
MOLNG-1901.3.neg.bw	4h_wild_type.neg	RNASeq	Gene Expression														PUBLIC				MOLNG-1901.3.neg.bw	https://tracks.stowers.org:8080/moop/data/tracks/Nematostella_vectensis/GCA_033964005.1/bulk_align/MOLNG-1901.3.neg.bw					
MOLNG-1901.4.pos.bw	4h_a_amanitin.pos	RNASeq	Gene Expression														PUBLIC				MOLNG-1901.4.pos.bw	https://tracks.stowers.org:8080/moop/data/tracks/Nematostella_vectensis/GCA_033964005.1/bulk_align/MOLNG-1901.4.pos.bw					
MOLNG-1901.4.neg.bw	4h_a_amanitin.neg	RNASeq	Gene Expression														PUBLIC				MOLNG-1901.4.neg.bw	https://tracks.stowers.org:8080/moop/data/tracks/Nematostella_vectensis/GCA_033964005.1/bulk_align/MOLNG-1901.4.neg.bw					
MOLNG-1901.5.pos.bw	6h_wild_type.pos	RNASeq	Gene Expression														PUBLIC				MOLNG-1901.5.pos.bw	https://tracks.stowers.org:8080/moop/data/tracks/Nematostella_vectensis/GCA_033964005.1/bulk_align/MOLNG-1901.5.pos.bw					
MOLNG-1901.5.neg.bw	6h_wild_type.neg	RNASeq	Gene Expression														PUBLIC				MOLNG-1901.5.neg.bw	https://tracks.stowers.org:8080/moop/data/tracks/Nematostella_vectensis/GCA_033964005.1/bulk_align/MOLNG-1901.5.neg.bw					
MOLNG-1901.6.pos.bw	6h_a_amanitin.pos	RNASeq	Gene Expression														PUBLIC				MOLNG-1901.6.pos.bw	https://tracks.stowers.org:8080/moop/data/tracks/Nematostella_vectensis/GCA_033964005.1/bulk_align/MOLNG-1901.6.pos.bw					
MOLNG-1901.6.neg.bw	6h_a_amanitin.neg	RNASeq	Gene Expression														PUBLIC				MOLNG-1901.6.neg.bw	https://tracks.stowers.org:8080/moop/data/tracks/Nematostella_vectensis/GCA_033964005.1/bulk_align/MOLNG-1901.6.neg.bw					
MOLNG-1901.7.pos.bw	8h_wild_type.pos	RNASeq	Gene Expression														PUBLIC				MOLNG-1901.7.pos.bw	https://tracks.stowers.org:8080/moop/data/tracks/Nematostella_vectensis/GCA_033964005.1/bulk_align/MOLNG-1901.7.pos.bw					
MOLNG-1901.7.neg.bw	8h_wild_type.neg	RNASeq	Gene Expression														PUBLIC				MOLNG-1901.7.neg.bw	https://tracks.stowers.org:8080/moop/data/tracks/Nematostella_vectensis/GCA_033964005.1/bulk_align/MOLNG-1901.7.neg.bw					
MOLNG-1901.8.pos.bw	8h_a_manitin.pos	RNASeq	Gene Expression														PUBLIC				MOLNG-1901.8.pos.bw	https://tracks.stowers.org:8080/moop/data/tracks/Nematostella_vectensis/GCA_033964005.1/bulk_align/MOLNG-1901.8.pos.bw					
MOLNG-1901.8.neg.bw	8h_a_manitin.neg	RNASeq	Gene Expression														PUBLIC				MOLNG-1901.8.neg.bw	https://tracks.stowers.org:8080/moop/data/tracks/Nematostella_vectensis/GCA_033964005.1/bulk_align/MOLNG-1901.8.neg.bw					
MOLNG-1901.9.pos.bw	10h_wild_type.pos	RNASeq	Gene Expression														PUBLIC				MOLNG-1901.9.pos.bw	https://tracks.stowers.org:8080/moop/data/tracks/Nematostella_vectensis/GCA_033964005.1/bulk_align/MOLNG-1901.9.pos.bw					
MOLNG-1901.9.neg.bw	10h_wild_type.neg	RNASeq	Gene Expression														PUBLIC				MOLNG-1901.9.neg.bw	https://tracks.stowers.org:8080/moop/data/tracks/Nematostella_vectensis/GCA_033964005.1/bulk_align/MOLNG-1901.9.neg.bw					
MOLNG-1901.10.pos.bw	10h_a_amanitin.pos	RNASeq	Gene Expression														PUBLIC				MOLNG-1901.10.pos.bw	https://tracks.stowers.org:8080/moop/data/tracks/Nematostella_vectensis/GCA_033964005.1/bulk_align/MOLNG-1901.10.pos.bw					
MOLNG-1901.10.neg.bw	10h_a_amanitin.neg	RNASeq	Gene Expression														PUBLIC				MOLNG-1901.10.neg.bw	https://tracks.stowers.org:8080/moop/data/tracks/Nematostella_vectensis/GCA_033964005.1/bulk_align/MOLNG-1901.10.neg.bw					
MOLNG-1571.11.pos.bw	M-g-1.pos	RNASeq	Gene Expression														PUBLIC				MOLNG-1571.11.pos.bw	https://tracks.stowers.org:8080/moop/data/tracks/Nematostella_vectensis/GCA_033964005.1/bulk_align/MOLNG-1571.11.pos.bw					
MOLNG-1571.23.pos.bw	M-g-2.pos	RNASeq	Gene Expression														PUBLIC				MOLNG-1571.23.pos.bw	https://tracks.stowers.org:8080/moop/data/tracks/Nematostella_vectensis/GCA_033964005.1/bulk_align/MOLNG-1571.23.pos.bw					
MOLNG-1571.24.pos.bw	M-g-3.pos	RNASeq	Gene Expression														PUBLIC				MOLNG-1571.24.pos.bw	https://tracks.stowers.org:8080/moop/data/tracks/Nematostella_vectensis/GCA_033964005.1/bulk_align/MOLNG-1571.24.pos.bw					
MOLNG-1571.11.neg.bw	M-g-1.neg	RNASeq	Gene Expression														PUBLIC				MOLNG-1571.11.neg.bw	https://tracks.stowers.org:8080/moop/data/tracks/Nematostella_vectensis/GCA_033964005.1/bulk_align/MOLNG-1571.11.neg.bw					
MOLNG-1571.23.neg.bw	M-g-2.neg	RNASeq	Gene Expression														PUBLIC				MOLNG-1571.23.neg.bw	https://tracks.stowers.org:8080/moop/data/tracks/Nematostella_vectensis/GCA_033964005.1/bulk_align/MOLNG-1571.23.neg.bw					
MOLNG-1571.24.neg.bw	M-g-3.neg	RNASeq	Gene Expression														PUBLIC				MOLNG-1571.24.neg.bw	https://tracks.stowers.org:8080/moop/data/tracks/Nematostella_vectensis/GCA_033964005.1/bulk_align/MOLNG-1571.24.neg.bw					
MOLNG-1571.19.pos.bw	F-g-1.pos	RNASeq	Gene Expression														PUBLIC				MOLNG-1571.19.pos.bw	https://tracks.stowers.org:8080/moop/data/tracks/Nematostella_vectensis/GCA_033964005.1/bulk_align/MOLNG-1571.19.pos.bw					
MOLNG-1571.12.pos.bw	F-g-2.pos	RNASeq	Gene Expression														PUBLIC				MOLNG-1571.12.pos.bw	https://tracks.stowers.org:8080/moop/data/tracks/Nematostella_vectensis/GCA_033964005.1/bulk_align/MOLNG-1571.12.pos.bw					
MOLNG-1571.14.pos.bw	F-g-3.pos	RNASeq	Gene Expression														PUBLIC				MOLNG-1571.14.pos.bw	https://tracks.stowers.org:8080/moop/data/tracks/Nematostella_vectensis/GCA_033964005.1/bulk_align/MOLNG-1571.14.pos.bw					
MOLNG-1571.19.neg.bw	F-g-1.neg	RNASeq	Gene Expression														PUBLIC				MOLNG-1571.19.neg.bw	https://tracks.stowers.org:8080/moop/data/tracks/Nematostella_vectensis/GCA_033964005.1/bulk_align/MOLNG-1571.19.neg.bw					
MOLNG-1571.12.neg.bw	F-g-2.neg	RNASeq	Gene Expression														PUBLIC				MOLNG-1571.12.neg.bw	https://tracks.stowers.org:8080/moop/data/tracks/Nematostella_vectensis/GCA_033964005.1/bulk_align/MOLNG-1571.12.neg.bw					
MOLNG-1571.14.neg.bw	F-g-3.neg	RNASeq	Gene Expression														PUBLIC				MOLNG-1571.14.neg.bw	https://tracks.stowers.org:8080/moop/data/tracks/Nematostella_vectensis/GCA_033964005.1/bulk_align/MOLNG-1571.14.neg.bw					
MOLNG-1571.28.pos.bw	F-mus-1.pos	RNASeq	Gene Expression														PUBLIC				MOLNG-1571.28.pos.bw	https://tracks.stowers.org:8080/moop/data/tracks/Nematostella_vectensis/GCA_033964005.1/bulk_align/MOLNG-1571.28.pos.bw					
MOLNG-1571.21.pos.bw	F-mus-2.pos	RNASeq	Gene Expression														PUBLIC				MOLNG-1571.21.pos.bw	https://tracks.stowers.org:8080/moop/data/tracks/Nematostella_vectensis/GCA_033964005.1/bulk_align/MOLNG-1571.21.pos.bw					
MOLNG-1571.16.pos.bw	F-mus-3.pos	RNASeq	Gene Expression														PUBLIC				MOLNG-1571.16.pos.bw	https://tracks.stowers.org:8080/moop/data/tracks/Nematostella_vectensis/GCA_033964005.1/bulk_align/MOLNG-1571.16.pos.bw					
MOLNG-1571.28.neg.bw	F-mus-1.neg	RNASeq	Gene Expression														PUBLIC				MOLNG-1571.28.neg.bw	https://tracks.stowers.org:8080/moop/data/tracks/Nematostella_vectensis/GCA_033964005.1/bulk_align/MOLNG-1571.28.neg.bw					
MOLNG-1571.21.neg.bw	F-mus-2.neg	RNASeq	Gene Expression														PUBLIC				MOLNG-1571.21.neg.bw	https://tracks.stowers.org:8080/moop/data/tracks/Nematostella_vectensis/GCA_033964005.1/bulk_align/MOLNG-1571.21.neg.bw					
MOLNG-1571.16.neg.bw	F-mus-3.neg	RNASeq	Gene Expression														PUBLIC				MOLNG-1571.16.neg.bw	https://tracks.stowers.org:8080/moop/data/tracks/Nematostella_vectensis/GCA_033964005.1/bulk_align/MOLNG-1571.16.neg.bw					
MOLNG-1571.22.pos.bw	M-mus-1.pos	RNASeq	Gene Expression														PUBLIC				MOLNG-1571.22.pos.bw	https://tracks.stowers.org:8080/moop/data/tracks/Nematostella_vectensis/GCA_033964005.1/bulk_align/MOLNG-1571.22.pos.bw					
MOLNG-1571.20.pos.bw	M-mus-2.pos	RNASeq	Gene Expression														PUBLIC				MOLNG-1571.20.pos.bw	https://tracks.stowers.org:8080/moop/data/tracks/Nematostella_vectensis/GCA_033964005.1/bulk_align/MOLNG-1571.20.pos.bw					
MOLNG-1571.25.pos.bw	M-mus-3.pos	RNASeq	Gene Expression														PUBLIC				MOLNG-1571.25.pos.bw	https://tracks.stowers.org:8080/moop/data/tracks/Nematostella_vectensis/GCA_033964005.1/bulk_align/MOLNG-1571.25.pos.bw					
MOLNG-1571.22.neg.bw	M-mus-1.neg	RNASeq	Gene Expression														PUBLIC				MOLNG-1571.22.neg.bw	https://tracks.stowers.org:8080/moop/data/tracks/Nematostella_vectensis/GCA_033964005.1/bulk_align/MOLNG-1571.22.neg.bw					
MOLNG-1571.20.neg.bw	M-mus-2.neg	RNASeq	Gene Expression														PUBLIC				MOLNG-1571.20.neg.bw	https://tracks.stowers.org:8080/moop/data/tracks/Nematostella_vectensis/GCA_033964005.1/bulk_align/MOLNG-1571.20.neg.bw					
MOLNG-1571.25.neg.bw	M-mus-3.neg	RNASeq	Gene Expression														PUBLIC				MOLNG-1571.25.neg.bw	https://tracks.stowers.org:8080/moop/data/tracks/Nematostella_vectensis/GCA_033964005.1/bulk_align/MOLNG-1571.25.neg.bw					
MOLNG-1571.15.pos.bw	F-mf-1.pos	RNASeq	Gene Expression														PUBLIC				MOLNG-1571.15.pos.bw	https://tracks.stowers.org:8080/moop/data/tracks/Nematostella_vectensis/GCA_033964005.1/bulk_align/MOLNG-1571.15.pos.bw					
MOLNG-1571.17.pos.bw	F-mf-2.pos	RNASeq	Gene Expression														PUBLIC				MOLNG-1571.17.pos.bw	https://tracks.stowers.org:8080/moop/data/tracks/Nematostella_vectensis/GCA_033964005.1/bulk_align/MOLNG-1571.17.pos.bw					
MOLNG-1571.13.pos.bw	F-mf-3.pos	RNASeq	Gene Expression														PUBLIC				MOLNG-1571.13.pos.bw	https://tracks.stowers.org:8080/moop/data/tracks/Nematostella_vectensis/GCA_033964005.1/bulk_align/MOLNG-1571.13.pos.bw					
MOLNG-1571.15.neg.bw	F-mf-1.neg	RNASeq	Gene Expression														PUBLIC				MOLNG-1571.15.neg.bw	https://tracks.stowers.org:8080/moop/data/tracks/Nematostella_vectensis/GCA_033964005.1/bulk_align/MOLNG-1571.15.neg.bw					
MOLNG-1571.17.neg.bw	F-mf-2.neg	RNASeq	Gene Expression														PUBLIC				MOLNG-1571.17.neg.bw	https://tracks.stowers.org:8080/moop/data/tracks/Nematostella_vectensis/GCA_033964005.1/bulk_align/MOLNG-1571.17.neg.bw					
MOLNG-1571.13.neg.bw	F-mf-3.neg	RNASeq	Gene Expression														PUBLIC				MOLNG-1571.13.neg.bw	https://tracks.stowers.org:8080/moop/data/tracks/Nematostella_vectensis/GCA_033964005.1/bulk_align/MOLNG-1571.13.neg.bw					
MOLNG-1571.27.pos.bw	M-mf-1.pos	RNASeq	Gene Expression														PUBLIC				MOLNG-1571.27.pos.bw	https://tracks.stowers.org:8080/moop/data/tracks/Nematostella_vectensis/GCA_033964005.1/bulk_align/MOLNG-1571.27.pos.bw					
MOLNG-1571.26.pos.bw	M-mf-2.pos	RNASeq	Gene Expression														PUBLIC				MOLNG-1571.26.pos.bw	https://tracks.stowers.org:8080/moop/data/tracks/Nematostella_vectensis/GCA_033964005.1/bulk_align/MOLNG-1571.26.pos.bw					
MOLNG-1571.18.pos.bw	M-mf-3.pos	RNASeq	Gene Expression														PUBLIC				MOLNG-1571.18.pos.bw	https://tracks.stowers.org:8080/moop/data/tracks/Nematostella_vectensis/GCA_033964005.1/bulk_align/MOLNG-1571.18.pos.bw					
MOLNG-1571.27.neg.bw	M-mf-1.neg	RNASeq	Gene Expression														PUBLIC				MOLNG-1571.27.neg.bw	https://tracks.stowers.org:8080/moop/data/tracks/Nematostella_vectensis/GCA_033964005.1/bulk_align/MOLNG-1571.27.neg.bw					
MOLNG-1571.26.neg.bw	M-mf-2.neg	RNASeq	Gene Expression														PUBLIC				MOLNG-1571.26.neg.bw	https://tracks.stowers.org:8080/moop/data/tracks/Nematostella_vectensis/GCA_033964005.1/bulk_align/MOLNG-1571.26.neg.bw					
MOLNG-1571.18.neg.bw	M-mf-3.neg	RNASeq	Gene Expression														PUBLIC				MOLNG-1571.18.neg.bw	https://tracks.stowers.org:8080/moop/data/tracks/Nematostella_vectensis/GCA_033964005.1/bulk_align/MOLNG-1571.18.neg.bw					
MOLNG-1571.11.bam	MOLNG-1571 sample 11	RNASeq	Aligned Reads														ADMIN				MOLNG-1571.11.bam	https://tracks.stowers.org:8080/moop/data/tracks/Nematostella_vectensis/GCA_033964005.1/bulk_align/bams/MOLNG-1571.11.bam					
MOLNG-1571.12.bam	MOLNG-1571 sample 12	RNASeq	Aligned Reads														ADMIN				MOLNG-1571.12.bam	https://tracks.stowers.org:8080/moop/data/tracks/Nematostella_vectensis/GCA_033964005.1/bulk_align/bams/MOLNG-1571.12.bam					
MOLNG-1571.13.bam	MOLNG-1571 sample 13	RNASeq	Aligned Reads														ADMIN				MOLNG-1571.13.bam	https://tracks.stowers.org:8080/moop/data/tracks/Nematostella_vectensis/GCA_033964005.1/bulk_align/bams/MOLNG-1571.13.bam					
MOLNG-1571.14.bam	MOLNG-1571 sample 14	RNASeq	Aligned Reads														ADMIN				MOLNG-1571.14.bam	https://tracks.stowers.org:8080/moop/data/tracks/Nematostella_vectensis/GCA_033964005.1/bulk_align/bams/MOLNG-1571.14.bam					
MOLNG-1571.15.bam	MOLNG-1571 sample 15	RNASeq	Aligned Reads														ADMIN				MOLNG-1571.15.bam	https://tracks.stowers.org:8080/moop/data/tracks/Nematostella_vectensis/GCA_033964005.1/bulk_align/bams/MOLNG-1571.15.bam					
MOLNG-1571.16.bam	MOLNG-1571 sample 16	RNASeq	Aligned Reads														ADMIN				MOLNG-1571.16.bam	https://tracks.stowers.org:8080/moop/data/tracks/Nematostella_vectensis/GCA_033964005.1/bulk_align/bams/MOLNG-1571.16.bam					
MOLNG-1571.17.bam	MOLNG-1571 sample 17	RNASeq	Aligned Reads														ADMIN				MOLNG-1571.17.bam	https://tracks.stowers.org:8080/moop/data/tracks/Nematostella_vectensis/GCA_033964005.1/bulk_align/bams/MOLNG-1571.17.bam					
MOLNG-1571.18.bam	MOLNG-1571 sample 18	RNASeq	Aligned Reads														ADMIN				MOLNG-1571.18.bam	https://tracks.stowers.org:8080/moop/data/tracks/Nematostella_vectensis/GCA_033964005.1/bulk_align/bams/MOLNG-1571.18.bam					
MOLNG-1571.19.bam	MOLNG-1571 sample 19	RNASeq	Aligned Reads														ADMIN				MOLNG-1571.19.bam	https://tracks.stowers.org:8080/moop/data/tracks/Nematostella_vectensis/GCA_033964005.1/bulk_align/bams/MOLNG-1571.19.bam					
MOLNG-1571.20.bam	MOLNG-1571 sample 20	RNASeq	Aligned Reads														ADMIN				MOLNG-1571.20.bam	https://tracks.stowers.org:8080/moop/data/tracks/Nematostella_vectensis/GCA_033964005.1/bulk_align/bams/MOLNG-1571.20.bam					
MOLNG-1571.21.bam	MOLNG-1571 sample 21	RNASeq	Aligned Reads														ADMIN				MOLNG-1571.21.bam	https://tracks.stowers.org:8080/moop/data/tracks/Nematostella_vectensis/GCA_033964005.1/bulk_align/bams/MOLNG-1571.21.bam					
MOLNG-1571.22.bam	MOLNG-1571 sample 22	RNASeq	Aligned Reads														ADMIN				MOLNG-1571.22.bam	https://tracks.stowers.org:8080/moop/data/tracks/Nematostella_vectensis/GCA_033964005.1/bulk_align/bams/MOLNG-1571.22.bam					
MOLNG-1571.23.bam	MOLNG-1571 sample 23	RNASeq	Aligned Reads														ADMIN				MOLNG-1571.23.bam	https://tracks.stowers.org:8080/moop/data/tracks/Nematostella_vectensis/GCA_033964005.1/bulk_align/bams/MOLNG-1571.23.bam					
MOLNG-1571.24.bam	MOLNG-1571 sample 24	RNASeq	Aligned Reads														ADMIN				MOLNG-1571.24.bam	https://tracks.stowers.org:8080/moop/data/tracks/Nematostella_vectensis/GCA_033964005.1/bulk_align/bams/MOLNG-1571.24.bam					
MOLNG-1571.25.bam	MOLNG-1571 sample 25	RNASeq	Aligned Reads														ADMIN				MOLNG-1571.25.bam	https://tracks.stowers.org:8080/moop/data/tracks/Nematostella_vectensis/GCA_033964005.1/bulk_align/bams/MOLNG-1571.25.bam					
MOLNG-1571.26.bam	MOLNG-1571 sample 26	RNASeq	Aligned Reads														ADMIN				MOLNG-1571.26.bam	https://tracks.stowers.org:8080/moop/data/tracks/Nematostella_vectensis/GCA_033964005.1/bulk_align/bams/MOLNG-1571.26.bam					
MOLNG-1571.27.bam	MOLNG-1571 sample 27	RNASeq	Aligned Reads														ADMIN				MOLNG-1571.27.bam	https://tracks.stowers.org:8080/moop/data/tracks/Nematostella_vectensis/GCA_033964005.1/bulk_align/bams/MOLNG-1571.27.bam					
MOLNG-1571.28.bam	MOLNG-1571 sample 28	RNASeq	Aligned Reads														ADMIN				MOLNG-1571.28.bam	https://tracks.stowers.org:8080/moop/data/tracks/Nematostella_vectensis/GCA_033964005.1/bulk_align/bams/MOLNG-1571.28.bam					
MOLNG-1180.29.pos.bw	Whole_Male_M_symbol_1.pos	RNASeq	Gene Expression														PUBLIC				MOLNG-1180.29.pos.bw	https://tracks.stowers.org:8080/moop/data/tracks/Nematostella_vectensis/GCA_033964005.1/bulk_align/MOLNG-1180.29.pos.bw					
MOLNG-1180.40.pos.bw	Whole_Male_M_symbol_2.pos	RNASeq	Gene Expression														PUBLIC				MOLNG-1180.40.pos.bw	https://tracks.stowers.org:8080/moop/data/tracks/Nematostella_vectensis/GCA_033964005.1/bulk_align/MOLNG-1180.40.pos.bw					
MOLNG-1180.35.pos.bw	Whole_Male_M_symbol_3.pos	RNASeq	Gene Expression														PUBLIC				MOLNG-1180.35.pos.bw	https://tracks.stowers.org:8080/moop/data/tracks/Nematostella_vectensis/GCA_033964005.1/bulk_align/MOLNG-1180.35.pos.bw					
MOLNG-1180.30.pos.bw	Whole_Male_M_symbol_4.pos	RNASeq	Gene Expression														PUBLIC				MOLNG-1180.30.pos.bw	https://tracks.stowers.org:8080/moop/data/tracks/Nematostella_vectensis/GCA_033964005.1/bulk_align/MOLNG-1180.30.pos.bw					
MOLNG-1180.29.neg.bw	Whole_Male_M_symbol_1.neg	RNASeq	Gene Expression														PUBLIC				MOLNG-1180.29.neg.bw	https://tracks.stowers.org:8080/moop/data/tracks/Nematostella_vectensis/GCA_033964005.1/bulk_align/MOLNG-1180.29.neg.bw					
MOLNG-1180.40.neg.bw	Whole_Male_M_symbol_2.neg	RNASeq	Gene Expression														PUBLIC				MOLNG-1180.40.neg.bw	https://tracks.stowers.org:8080/moop/data/tracks/Nematostella_vectensis/GCA_033964005.1/bulk_align/MOLNG-1180.40.neg.bw					
MOLNG-1180.35.neg.bw	Whole_Male_M_symbol_3.neg	RNASeq	Gene Expression														PUBLIC				MOLNG-1180.35.neg.bw	https://tracks.stowers.org:8080/moop/data/tracks/Nematostella_vectensis/GCA_033964005.1/bulk_align/MOLNG-1180.35.neg.bw					
MOLNG-1180.30.neg.bw	Whole_Male_M_symbol_4.neg	RNASeq	Gene Expression														PUBLIC				MOLNG-1180.30.neg.bw	https://tracks.stowers.org:8080/moop/data/tracks/Nematostella_vectensis/GCA_033964005.1/bulk_align/MOLNG-1180.30.neg.bw					
MOLNG-1180.33.pos.bw	WholeFemale_F_symbol_1.pos	RNASeq	Gene Expression														PUBLIC				MOLNG-1180.33.pos.bw	https://tracks.stowers.org:8080/moop/data/tracks/Nematostella_vectensis/GCA_033964005.1/bulk_align/MOLNG-1180.33.pos.bw					
MOLNG-1180.37.pos.bw	WholeFemale_F_symbol_2.pos	RNASeq	Gene Expression														PUBLIC				MOLNG-1180.37.pos.bw	https://tracks.stowers.org:8080/moop/data/tracks/Nematostella_vectensis/GCA_033964005.1/bulk_align/MOLNG-1180.37.pos.bw					
MOLNG-1180.46.pos.bw	WholeFemale_F_symbol_3.pos	RNASeq	Gene Expression														PUBLIC				MOLNG-1180.46.pos.bw	https://tracks.stowers.org:8080/moop/data/tracks/Nematostella_vectensis/GCA_033964005.1/bulk_align/MOLNG-1180.46.pos.bw					
MOLNG-1180.45.pos.bw	WholeFemale_F_symbol_4.pos	RNASeq	Gene Expression														PUBLIC				MOLNG-1180.45.pos.bw	https://tracks.stowers.org:8080/moop/data/tracks/Nematostella_vectensis/GCA_033964005.1/bulk_align/MOLNG-1180.45.pos.bw					
MOLNG-1180.33.neg.bw	WholeFemale_F_symbol_1.neg	RNASeq	Gene Expression														PUBLIC				MOLNG-1180.33.neg.bw	https://tracks.stowers.org:8080/moop/data/tracks/Nematostella_vectensis/GCA_033964005.1/bulk_align/MOLNG-1180.33.neg.bw					
MOLNG-1180.37.neg.bw	WholeFemale_F_symbol_2.neg	RNASeq	Gene Expression														PUBLIC				MOLNG-1180.37.neg.bw	https://tracks.stowers.org:8080/moop/data/tracks/Nematostella_vectensis/GCA_033964005.1/bulk_align/MOLNG-1180.37.neg.bw					
MOLNG-1180.46.neg.bw	WholeFemale_F_symbol_3.neg	RNASeq	Gene Expression														PUBLIC				MOLNG-1180.46.neg.bw	https://tracks.stowers.org:8080/moop/data/tracks/Nematostella_vectensis/GCA_033964005.1/bulk_align/MOLNG-1180.46.neg.bw					
MOLNG-1180.45.neg.bw	WholeFemale_F_symbol_4.neg	RNASeq	Gene Expression														PUBLIC				MOLNG-1180.45.neg.bw	https://tracks.stowers.org:8080/moop/data/tracks/Nematostella_vectensis/GCA_033964005.1/bulk_align/MOLNG-1180.45.neg.bw					
MOLNG-1180.38.pos.bw	MaleMesentery_MM1.pos	RNASeq	Gene Expression														PUBLIC				MOLNG-1180.38.pos.bw	https://tracks.stowers.org:8080/moop/data/tracks/Nematostella_vectensis/GCA_033964005.1/bulk_align/MOLNG-1180.38.pos.bw					
MOLNG-1180.31.pos.bw	MaleMesentery_MM2.pos	RNASeq	Gene Expression														PUBLIC				MOLNG-1180.31.pos.bw	https://tracks.stowers.org:8080/moop/data/tracks/Nematostella_vectensis/GCA_033964005.1/bulk_align/MOLNG-1180.31.pos.bw					
MOLNG-1180.32.pos.bw	MaleMesentery_MM3.pos	RNASeq	Gene Expression														PUBLIC				MOLNG-1180.32.pos.bw	https://tracks.stowers.org:8080/moop/data/tracks/Nematostella_vectensis/GCA_033964005.1/bulk_align/MOLNG-1180.32.pos.bw					
MOLNG-1180.38.neg.bw	MaleMesentery_MM1.neg	RNASeq	Gene Expression														PUBLIC				MOLNG-1180.38.neg.bw	https://tracks.stowers.org:8080/moop/data/tracks/Nematostella_vectensis/GCA_033964005.1/bulk_align/MOLNG-1180.38.neg.bw					
MOLNG-1180.31.neg.bw	MaleMesentery_MM2.neg	RNASeq	Gene Expression														PUBLIC				MOLNG-1180.31.neg.bw	https://tracks.stowers.org:8080/moop/data/tracks/Nematostella_vectensis/GCA_033964005.1/bulk_align/MOLNG-1180.31.neg.bw					
MOLNG-1180.32.neg.bw	MaleMesentery_MM3.neg	RNASeq	Gene Expression														PUBLIC				MOLNG-1180.32.neg.bw	https://tracks.stowers.org:8080/moop/data/tracks/Nematostella_vectensis/GCA_033964005.1/bulk_align/MOLNG-1180.32.neg.bw					
MOLNG-1180.39.pos.bw	FemaleMesentery_FM1.pos	RNASeq	Gene Expression														PUBLIC				MOLNG-1180.39.pos.bw	https://tracks.stowers.org:8080/moop/data/tracks/Nematostella_vectensis/GCA_033964005.1/bulk_align/MOLNG-1180.39.pos.bw					
MOLNG-1180.44.pos.bw	FemaleMesentery_FM2.pos	RNASeq	Gene Expression														PUBLIC				MOLNG-1180.44.pos.bw	https://tracks.stowers.org:8080/moop/data/tracks/Nematostella_vectensis/GCA_033964005.1/bulk_align/MOLNG-1180.44.pos.bw					
MOLNG-1180.41.pos.bw	FemaleMesentery_FM3.pos	RNASeq	Gene Expression														PUBLIC				MOLNG-1180.41.pos.bw	https://tracks.stowers.org:8080/moop/data/tracks/Nematostella_vectensis/GCA_033964005.1/bulk_align/MOLNG-1180.41.pos.bw					
MOLNG-1180.39.neg.bw	FemaleMesentery_FM1.neg	RNASeq	Gene Expression														PUBLIC				MOLNG-1180.39.neg.bw	https://tracks.stowers.org:8080/moop/data/tracks/Nematostella_vectensis/GCA_033964005.1/bulk_align/MOLNG-1180.39.neg.bw					
MOLNG-1180.44.neg.bw	FemaleMesentery_FM2.neg	RNASeq	Gene Expression														PUBLIC				MOLNG-1180.44.neg.bw	https://tracks.stowers.org:8080/moop/data/tracks/Nematostella_vectensis/GCA_033964005.1/bulk_align/MOLNG-1180.44.neg.bw					
MOLNG-1180.41.neg.bw	FemaleMesentery_FM3.neg	RNASeq	Gene Expression														PUBLIC				MOLNG-1180.41.neg.bw	https://tracks.stowers.org:8080/moop/data/tracks/Nematostella_vectensis/GCA_033964005.1/bulk_align/MOLNG-1180.41.neg.bw					
MOLNG-1180.34.pos.bw	UnkownSex_1A.pos	RNASeq	Gene Expression														PUBLIC				MOLNG-1180.34.pos.bw	https://tracks.stowers.org:8080/moop/data/tracks/Nematostella_vectensis/GCA_033964005.1/bulk_align/MOLNG-1180.34.pos.bw					
MOLNG-1180.36.pos.bw	UnkownSex_1B.pos	RNASeq	Gene Expression														PUBLIC				MOLNG-1180.36.pos.bw	https://tracks.stowers.org:8080/moop/data/tracks/Nematostella_vectensis/GCA_033964005.1/bulk_align/MOLNG-1180.36.pos.bw					
MOLNG-1180.42.pos.bw	UnkownSex_2C.pos	RNASeq	Gene Expression														PUBLIC				MOLNG-1180.42.pos.bw	https://tracks.stowers.org:8080/moop/data/tracks/Nematostella_vectensis/GCA_033964005.1/bulk_align/MOLNG-1180.42.pos.bw					
MOLNG-1180.43.pos.bw	UnkownSex_2D.pos	RNASeq	Gene Expression														PUBLIC				MOLNG-1180.43.pos.bw	https://tracks.stowers.org:8080/moop/data/tracks/Nematostella_vectensis/GCA_033964005.1/bulk_align/MOLNG-1180.43.pos.bw					
MOLNG-1180.34.neg.bw	UnkownSex_1A.neg	RNASeq	Gene Expression														PUBLIC				MOLNG-1180.34.neg.bw	https://tracks.stowers.org:8080/moop/data/tracks/Nematostella_vectensis/GCA_033964005.1/bulk_align/MOLNG-1180.34.neg.bw					
MOLNG-1180.36.neg.bw	UnkownSex_1B.neg	RNASeq	Gene Expression														PUBLIC				MOLNG-1180.36.neg.bw	https://tracks.stowers.org:8080/moop/data/tracks/Nematostella_vectensis/GCA_033964005.1/bulk_align/MOLNG-1180.36.neg.bw					
MOLNG-1180.42.neg.bw	UnkownSex_2C.neg	RNASeq	Gene Expression														PUBLIC				MOLNG-1180.42.neg.bw	https://tracks.stowers.org:8080/moop/data/tracks/Nematostella_vectensis/GCA_033964005.1/bulk_align/MOLNG-1180.42.neg.bw					
MOLNG-1180.43.neg.bw	UnkownSex_2D.neg	RNASeq	Gene Expression														PUBLIC				MOLNG-1180.43.neg.bw	https://tracks.stowers.org:8080/moop/data/tracks/Nematostella_vectensis/GCA_033964005.1/bulk_align/MOLNG-1180.43.neg.bw					
MOLNG-1180.29.bam	MOLNG-1180 sample 29	RNASeq	Aligned Reads														ADMIN				MOLNG-1180.29.bam	https://tracks.stowers.org:8080/moop/data/tracks/Nematostella_vectensis/GCA_033964005.1/bulk_align/bams/MOLNG-1180.29.bam					
MOLNG-1180.30.bam	MOLNG-1180 sample 30	RNASeq	Aligned Reads														ADMIN				MOLNG-1180.30.bam	https://tracks.stowers.org:8080/moop/data/tracks/Nematostella_vectensis/GCA_033964005.1/bulk_align/bams/MOLNG-1180.30.bam					
MOLNG-1180.31.bam	MOLNG-1180 sample 31	RNASeq	Aligned Reads														ADMIN				MOLNG-1180.31.bam	https://tracks.stowers.org:8080/moop/data/tracks/Nematostella_vectensis/GCA_033964005.1/bulk_align/bams/MOLNG-1180.31.bam					
MOLNG-1180.32.bam	MOLNG-1180 sample 32	RNASeq	Aligned Reads														ADMIN				MOLNG-1180.32.bam	https://tracks.stowers.org:8080/moop/data/tracks/Nematostella_vectensis/GCA_033964005.1/bulk_align/bams/MOLNG-1180.32.bam					
MOLNG-1180.33.bam	MOLNG-1180 sample 33	RNASeq	Aligned Reads														ADMIN				MOLNG-1180.33.bam	https://tracks.stowers.org:8080/moop/data/tracks/Nematostella_vectensis/GCA_033964005.1/bulk_align/bams/MOLNG-1180.33.bam					
MOLNG-1180.34.bam	MOLNG-1180 sample 34	RNASeq	Aligned Reads														ADMIN				MOLNG-1180.34.bam	https://tracks.stowers.org:8080/moop/data/tracks/Nematostella_vectensis/GCA_033964005.1/bulk_align/bams/MOLNG-1180.34.bam					
MOLNG-1180.35.bam	MOLNG-1180 sample 35	RNASeq	Aligned Reads														ADMIN				MOLNG-1180.35.bam	https://tracks.stowers.org:8080/moop/data/tracks/Nematostella_vectensis/GCA_033964005.1/bulk_align/bams/MOLNG-1180.35.bam					
MOLNG-1180.36.bam	MOLNG-1180 sample 36	RNASeq	Aligned Reads														ADMIN				MOLNG-1180.36.bam	https://tracks.stowers.org:8080/moop/data/tracks/Nematostella_vectensis/GCA_033964005.1/bulk_align/bams/MOLNG-1180.36.bam					
MOLNG-1180.37.bam	MOLNG-1180 sample 37	RNASeq	Aligned Reads														ADMIN				MOLNG-1180.37.bam	https://tracks.stowers.org:8080/moop/data/tracks/Nematostella_vectensis/GCA_033964005.1/bulk_align/bams/MOLNG-1180.37.bam					
MOLNG-1180.38.bam	MOLNG-1180 sample 38	RNASeq	Aligned Reads														ADMIN				MOLNG-1180.38.bam	https://tracks.stowers.org:8080/moop/data/tracks/Nematostella_vectensis/GCA_033964005.1/bulk_align/bams/MOLNG-1180.38.bam					
MOLNG-1180.39.bam	MOLNG-1180 sample 39	RNASeq	Aligned Reads														ADMIN				MOLNG-1180.39.bam	https://tracks.stowers.org:8080/moop/data/tracks/Nematostella_vectensis/GCA_033964005.1/bulk_align/bams/MOLNG-1180.39.bam					
MOLNG-1180.40.bam	MOLNG-1180 sample 40	RNASeq	Aligned Reads														ADMIN				MOLNG-1180.40.bam	https://tracks.stowers.org:8080/moop/data/tracks/Nematostella_vectensis/GCA_033964005.1/bulk_align/bams/MOLNG-1180.40.bam					
MOLNG-1180.41.bam	MOLNG-1180 sample 41	RNASeq	Aligned Reads														ADMIN				MOLNG-1180.41.bam	https://tracks.stowers.org:8080/moop/data/tracks/Nematostella_vectensis/GCA_033964005.1/bulk_align/bams/MOLNG-1180.41.bam					
MOLNG-1180.42.bam	MOLNG-1180 sample 42	RNASeq	Aligned Reads														ADMIN				MOLNG-1180.42.bam	https://tracks.stowers.org:8080/moop/data/tracks/Nematostella_vectensis/GCA_033964005.1/bulk_align/bams/MOLNG-1180.42.bam					
MOLNG-1180.43.bam	MOLNG-1180 sample 43	RNASeq	Aligned Reads														ADMIN				MOLNG-1180.43.bam	https://tracks.stowers.org:8080/moop/data/tracks/Nematostella_vectensis/GCA_033964005.1/bulk_align/bams/MOLNG-1180.43.bam					
MOLNG-1180.44.bam	MOLNG-1180 sample 44	RNASeq	Aligned Reads														ADMIN				MOLNG-1180.44.bam	https://tracks.stowers.org:8080/moop/data/tracks/Nematostella_vectensis/GCA_033964005.1/bulk_align/bams/MOLNG-1180.44.bam					
MOLNG-1180.45.bam	MOLNG-1180 sample 45	RNASeq	Aligned Reads														ADMIN				MOLNG-1180.45.bam	https://tracks.stowers.org:8080/moop/data/tracks/Nematostella_vectensis/GCA_033964005.1/bulk_align/bams/MOLNG-1180.45.bam					
MOLNG-1180.46.bam	MOLNG-1180 sample 46	RNASeq	Aligned Reads														ADMIN				MOLNG-1180.46.bam	https://tracks.stowers.org:8080/moop/data/tracks/Nematostella_vectensis/GCA_033964005.1/bulk_align/bams/MOLNG-1180.46.bam					
MOLNG-385.47.pos.bw	PLANULA-1.pos	RNASeq	Gene Expression														PUBLIC				MOLNG-385.47.pos.bw	https://tracks.stowers.org:8080/moop/data/tracks/Nematostella_vectensis/GCA_033964005.1/bulk_align/MOLNG-385.47.pos.bw					
MOLNG-385.48.pos.bw	PLANULA-2.pos	RNASeq	Gene Expression														PUBLIC				MOLNG-385.48.pos.bw	https://tracks.stowers.org:8080/moop/data/tracks/Nematostella_vectensis/GCA_033964005.1/bulk_align/MOLNG-385.48.pos.bw					
MOLNG-385.47.neg.bw	PLANULA-1.neg	RNASeq	Gene Expression														PUBLIC				MOLNG-385.47.neg.bw	https://tracks.stowers.org:8080/moop/data/tracks/Nematostella_vectensis/GCA_033964005.1/bulk_align/MOLNG-385.47.neg.bw					
MOLNG-385.48.neg.bw	PLANULA-2.neg	RNASeq	Gene Expression														PUBLIC				MOLNG-385.48.neg.bw	https://tracks.stowers.org:8080/moop/data/tracks/Nematostella_vectensis/GCA_033964005.1/bulk_align/MOLNG-385.48.neg.bw					
MOLNG-385.49.pos.bw	POST-GASTRULA-1.pos	RNASeq	Gene Expression														PUBLIC				MOLNG-385.49.pos.bw	https://tracks.stowers.org:8080/moop/data/tracks/Nematostella_vectensis/GCA_033964005.1/bulk_align/MOLNG-385.49.pos.bw					
MOLNG-385.50.pos.bw	POST-GASTRULA-2.pos	RNASeq	Gene Expression														PUBLIC				MOLNG-385.50.pos.bw	https://tracks.stowers.org:8080/moop/data/tracks/Nematostella_vectensis/GCA_033964005.1/bulk_align/MOLNG-385.50.pos.bw					
MOLNG-385.49.neg.bw	POST-GASTRULA-1.neg	RNASeq	Gene Expression														PUBLIC				MOLNG-385.49.neg.bw	https://tracks.stowers.org:8080/moop/data/tracks/Nematostella_vectensis/GCA_033964005.1/bulk_align/MOLNG-385.49.neg.bw					
MOLNG-385.50.neg.bw	POST-GASTRULA-2.neg	RNASeq	Gene Expression														PUBLIC				MOLNG-385.50.neg.bw	https://tracks.stowers.org:8080/moop/data/tracks/Nematostella_vectensis/GCA_033964005.1/bulk_align/MOLNG-385.50.neg.bw					
MOLNG-385.54.pos.bw	EGG-1.pos	RNASeq	Gene Expression														PUBLIC				MOLNG-385.54.pos.bw	https://tracks.stowers.org:8080/moop/data/tracks/Nematostella_vectensis/GCA_033964005.1/bulk_align/MOLNG-385.54.pos.bw					
MOLNG-385.51.pos.bw	EGG-2.pos	RNASeq	Gene Expression														PUBLIC				MOLNG-385.51.pos.bw	https://tracks.stowers.org:8080/moop/data/tracks/Nematostella_vectensis/GCA_033964005.1/bulk_align/MOLNG-385.51.pos.bw					
MOLNG-385.54.neg.bw	EGG-1.neg	RNASeq	Gene Expression														PUBLIC				MOLNG-385.54.neg.bw	https://tracks.stowers.org:8080/moop/data/tracks/Nematostella_vectensis/GCA_033964005.1/bulk_align/MOLNG-385.54.neg.bw					
MOLNG-385.51.neg.bw	EGG-2.neg	RNASeq	Gene Expression														PUBLIC				MOLNG-385.51.neg.bw	https://tracks.stowers.org:8080/moop/data/tracks/Nematostella_vectensis/GCA_033964005.1/bulk_align/MOLNG-385.51.neg.bw					
MOLNG-385.52.pos.bw	BLASTULA-1.pos	RNASeq	Gene Expression														PUBLIC				MOLNG-385.52.pos.bw	https://tracks.stowers.org:8080/moop/data/tracks/Nematostella_vectensis/GCA_033964005.1/bulk_align/MOLNG-385.52.pos.bw					
MOLNG-385.53.pos.bw	BLASTULA-2.pos	RNASeq	Gene Expression														PUBLIC				MOLNG-385.53.pos.bw	https://tracks.stowers.org:8080/moop/data/tracks/Nematostella_vectensis/GCA_033964005.1/bulk_align/MOLNG-385.53.pos.bw					
MOLNG-385.52.neg.bw	BLASTULA-1.neg	RNASeq	Gene Expression														PUBLIC				MOLNG-385.52.neg.bw	https://tracks.stowers.org:8080/moop/data/tracks/Nematostella_vectensis/GCA_033964005.1/bulk_align/MOLNG-385.52.neg.bw					
MOLNG-385.53.neg.bw	BLASTULA-2.neg	RNASeq	Gene Expression														PUBLIC				MOLNG-385.53.neg.bw	https://tracks.stowers.org:8080/moop/data/tracks/Nematostella_vectensis/GCA_033964005.1/bulk_align/MOLNG-385.53.neg.bw					
MOLNG-385.47.bam	MOLNG-385 sample 47	RNASeq	Aligned Reads																		MOLNG-385.47.bam						
MOLNG-385.48.bam	MOLNG-385 sample 48	RNASeq	Aligned Reads																		MOLNG-385.48.bam						
MOLNG-385.49.bam	MOLNG-385 sample 49	RNASeq	Aligned Reads																		MOLNG-385.49.bam						
MOLNG-385.50.bam	MOLNG-385 sample 50	RNASeq	Aligned Reads																		MOLNG-385.50.bam						
MOLNG-385.51.bam	MOLNG-385 sample 51	RNASeq	Aligned Reads																		MOLNG-385.51.bam						
MOLNG-385.52.bam	MOLNG-385 sample 52	RNASeq	Aligned Reads																		MOLNG-385.52.bam						
MOLNG-385.53.bam	MOLNG-385 sample 53	RNASeq	Aligned Reads																		MOLNG-385.53.bam						
MOLNG-385.54.bam	MOLNG-385 sample 54	RNASeq	Aligned Reads																		MOLNG-385.54.bam						